<?xml version="1.0" encoding="UTF-8"?>
<project-private xmlns="http://www.netbeans.org/ns/project-private/1">
    <editor-bookmarks xmlns="http://www.netbeans.org/ns/editor-bookmarks/2" lastBookmarkId="0"/>
    <open-files xmlns="http://www.netbeans.org/ns/projectui-open-files/2">
        <group>
            <file>file:/C:/Users/User/Documents/PUCP%202024-2/PixelPenguin/Proyecto/SoftPixelPenguinsIE/src/pe/edu/pucp/pixelpenguins/InstitucionEducativa.java</file>
            <file>file:/C:/Users/User/Documents/PUCP%202024-2/PixelPenguin/Proyecto/SoftPixelPenguinsIE/src/pe/edu/pucp/pixelpenguins/usuario/Persona.java</file>
            <file>file:/C:/Users/User/Documents/PUCP%202024-2/PixelPenguin/Proyecto/SoftPixelPenguinsIE/src/pe/edu/pucp/pixelpenguins/usuario/Profesor.java</file>
            <file>file:/C:/Users/User/Documents/PUCP%202024-2/PixelPenguin/Proyecto/SoftPixelPenguinsIE/src/pe/edu/pucp/pixelpenguins/usuario/Apoderado.java</file>
            <file>file:/C:/Users/User/Documents/PUCP%202024-2/PixelPenguin/Proyecto/SoftPixelPenguinsIE/src/pe/edu/pucp/pixelpenguins/añoacademico/Matricula.java</file>
            <file>file:/C:/Users/User/Documents/PUCP%202024-2/PixelPenguin/Proyecto/SoftPixelPenguinsIE/src/pe/edu/pucp/pixelpenguins/usuario/Alumno.java</file>
            <file>file:/C:/Users/User/Documents/PUCP%202024-2/PixelPenguin/Proyecto/SoftPixelPenguinsIE/src/pe/edu/pucp/pixelpenguins/usuario/Administrador.java</file>
            <file>file:/C:/Users/User/Documents/PUCP%202024-2/PixelPenguin/Proyecto/SoftPixelPenguinsIE/src/pe/edu/pucp/pixelpenguins/añoacademico/PlanAcademico.java</file>
            <file>file:/C:/Users/User/Documents/PUCP%202024-2/PixelPenguin/Proyecto/SoftPixelPenguinsIE/src/pe/edu/pucp/pixelpenguins/Curricula/GradoAcademico.java</file>
            <file>file:/C:/Users/User/Documents/PUCP%202024-2/PixelPenguin/Proyecto/SoftPixelPenguinsIE/src/pe/edu/pucp/pixelpenguins/añoacademico/TipoDePago.java</file>
            <file>file:/C:/Users/User/Documents/PUCP%202024-2/PixelPenguin/Proyecto/SoftPixelPenguinsIE/src/pe/edu/pucp/pixelpenguins/añoacademico/Pago.java</file>
            <file>file:/C:/Users/User/Documents/PUCP%202024-2/PixelPenguin/Proyecto/SoftPixelPenguinsIE/src/pe/edu/pucp/pixelpenguins/IConsultable.java</file>
            <file>file:/C:/Users/User/Documents/PUCP%202024-2/PixelPenguin/Proyecto/SoftPixelPenguinsIE/src/pe/edu/pucp/pixelpenguins/Curricula/Curso.java</file>
        </group>
    </open-files>
</project-private>
